{
  "accuracy": 0.7302307692307692,
  "precision_macro": 0.7306620035049947,
  "f1_macro": 0.7293903014366219
}